event_id,instrument,date,time_et,named_setup,side,archetype,primary_structure,secondary_structures,context_refs,observed_behavior,destination_observed,confidence
S3-01,NQ,2026-09-08,10:27:11,,sell,sell-side confluence reversal,major sell block,minor liquidity / fortress-like layers below,POC,price rallied into upper red zone then rotated sharply lower,lower buy-side structures,B
S3-02,NQ,2026-09-08,11:23:45,,sell,sell-side confluence reversal,major sell block,nested sell structure,POWERLINE; CLOSE; VALUE HIGH; VWAP,price entered upper sell cluster then sold off,lower green block,B
S3-03,NQ,2026-09-10,09:48:39,,sell,sell-side confluence reversal,large overhead sell structure,,,price reached upper area then dropped materially,lower green support-side block,B
S3-04,NQ,2026-09-10,06:43:47,,buy,buy-side confluence reversal,large lower green buy cluster,nested same-side structures,POWERLINE; KEY LEVEL; VALUE LOW,price based in lower cluster and expanded upward,higher reference levels,B
S3-05,NQ,2026-09-14,10:59:06,,buy,buy-side confluence reversal,lower green block,blue/cyan buy liquidity,CLOSE,price based in stacked lower structure then rallied,upper close/reference region,B
S3-06,NQ,2026-09-01,20:52:57,,buy,buy-side confluence reversal,dense lower blue/green cluster,multiple nested structures,,prolonged interaction inside cluster preceded strong upside expansion,higher structures,B
S3-07,NQ,2026-09-02,05:09:49,,buy,zone-to-zone rotation,lower green buy block,,PREV DAY LOW,price launched from lower zone,upper red sell block,B
S3-08,NQ,2026-09-16,09:33:04,,sell,fortress + block confluence reversal,upper red sell block,yellow sell Fortress,POC; NYSE OPEN,price spiked into stacked upper zone and reversed,POC / NYSE OPEN region,B
S3-09,NQ,2026-09-16,09:51:35,,buy,fortress + block confluence reversal,lower green support region,blue buy Fortress,VALUE LOW,price rejected lower cluster and rallied,upper red sell block,B
S4-01,ES,2026-09-12,16:34:00,MINI-MONSTA TRIPLE BLOCKS,buy,named stacked-block reversal,broad lower green buy block,multiple smaller green same-side blocks,VWAP; POWERLINE; VALUE LOW; NYSE OPEN; PREV DAY HIGH; POC,"price traded into highlighted lower cluster, stabilized, then rallied",higher reference zone,A/B
S4-02,NQ,2026-08-29,14:45:45,,buy,buy-side confluence reversal,lower blue/green cluster,stacked same-side structures,VWAP; NYSE OPEN; CLOSE; VALUE HIGH,price interacted with lower cluster then expanded strongly upward,higher sell-side structures,B
S4-03,NQ,2026-08-31,17:49:47,,sell,sell Fortress reversal,yellow sell Fortress,,POWERLINE; POC,price spiked into overhead Fortress area and rejected sharply,lower structures,B
S4-04,NQ,2026-09-07,15:17:05,,buy,buy-side confluence / continuation,dense lower green cluster,multiple same-side levels,VALUE LOW; POC,price consolidated around cluster then broke strongly upward,upper red/yellow region,B
S4-05,NQ,2026-09-07,15:11:17,,both,zone-to-zone rotation,lower green buy zones + upper red sell zones,multiple nested clusters,NYSE OPEN; POC,multiple oscillations between opposing zones are explicitly annotated,alternating opposing clusters,B
S4-06,ES,2026-09-02,17:40:04,,buy,stair-step continuation,successively higher blue buy structures,green same-side levels,POWERLINE; VALUE LOW,price trended upward while fresh same-side structures appeared progressively higher,upper sell-side structure,B
S4-07,ES,2026-08-29,20:30:26,MONSTA-MINI FORTRESSES,buy,named Fortress reversal,large blue buy Fortress,,POWERLINE; VALUE LOW; CLOSE; VWAP; POC; NYSE OPEN,price sold into the blue Fortress region and rebounded,higher liquidity/reference areas,A/B
S4-08,ES,2026-08-29,20:35:55,MONSTA-MINI BLOCKS,buy,named block reversal,lower green block cluster,blue/cyan minor liquidity,POC; VWAP; NYSE OPEN; POWERLINE,price traded into highlighted cluster then rallied,higher VWAP / NYSE OPEN region,A/B
