A	.github/workflows/omnivision-stage0.yml
M	.github/workflows/test.yml
A	.icarus_loop/state.json
A	docs/audits/2026-09-24-omnivision-v2-stage0-audit.md
A	docs/superpowers/plans/2026-09-23-omnivision-foundation-implementation.md
A	docs/superpowers/plans/2026-09-24-omnivision-v2-stage0-verification-audit-remediation.md
A	docs/superpowers/plans/2026-09-24-omnivision-v2-stage1-control-plane.md
A	docs/superpowers/plans/2026-09-24-omnivision-v2-stage1-trust-substrate.md
A	docs/superpowers/specs/2026-09-23-omnivision-federated-research-mesh-design.md
A	docs/superpowers/specs/2026-09-24-omnivision-epistemic-control-plane-v2-design.md
M	icarus_engine/advisory.py
A	icarus_engine/omnivision/__init__.py
A	icarus_engine/omnivision/admissibility.py
A	icarus_engine/omnivision/candidates.py
A	icarus_engine/omnivision/capabilities.py
A	icarus_engine/omnivision/contracts.py
A	icarus_engine/omnivision/falsification.py
A	icarus_engine/omnivision/hypotheses.py
A	icarus_engine/omnivision/ledger_bridge.py
A	icarus_engine/omnivision/novelty.py
A	icarus_engine/omnivision/provenance.py
A	icarus_engine/omnivision/trials.py
A	icarus_engine/world_state.py
M	icarus_plant/guide.py
M	tests_engine/test_advisory.py
A	tests_engine/test_omnivision_admissibility.py
A	tests_engine/test_omnivision_bridge.py
A	tests_engine/test_omnivision_candidates.py
A	tests_engine/test_omnivision_capabilities.py
A	tests_engine/test_omnivision_contracts.py
A	tests_engine/test_omnivision_falsification.py
A	tests_engine/test_omnivision_hypotheses.py
A	tests_engine/test_omnivision_integration.py
A	tests_engine/test_omnivision_novelty.py
A	tests_engine/test_omnivision_provenance.py
A	tests_engine/test_omnivision_stage0_boundaries.py
A	tests_engine/test_omnivision_stage0_temporal.py
A	tests_engine/test_omnivision_stage1_integration.py
A	tests_engine/test_omnivision_trials.py
M	tests_engine/test_plant.py
A	tests_engine/test_world_state.py
