M	.github/workflows/test.yml
M	HANDOFF_LOG.md
M	MODEL_HANDOFF.md
M	README.md
A	docs/icarus-control-plane/AEGIS_IMPLEMENTATION_MATRIX.md
M	docs/icarus-control-plane/HANDOFF_STATE.json
M	docs/icarus-control-plane/README.md
M	docs/icarus-control-plane/UNIFIED_CYCLE_RUNBOOK.md
A	docs/icarus-control-plane/contracts/icarus-control-v1.json
A	docs/icarus-control-plane/contracts/icarus-pipeline-v1.json
M	docs/superpowers/plans/2026-09-24-icarus-control-plane-handoff.md
A	docs/superpowers/plans/2026-09-24-icarus-control-plane-runtime.md
A	docs/superpowers/specs/2026-09-24-icarus-control-plane-runtime-design.md
A	icarus_control/__init__.py
A	icarus_control/__main__.py
A	icarus_control/canonical.py
A	icarus_control/cli.py
A	icarus_control/validation.py
M	icarus_plant/cli.py
M	pyproject.toml
A	tests_engine/test_control_plane.py
